id,first_name,last_name,email,gender,ip_address
1,Sherman,Piatek,spiatek0@bloomberg.com,Male,74.243.166.225
2,Rosa,Fattorini,rfattorini1@cloudflare.com,Female,16.213.105.147
3,Rockie,McGirr,rmcgirr2@abc.net.au,Male,107.97.94.121
4,Franny,Bindley,fbindley3@phoca.cz,Female,95.80.68.237
5,Malina,Kevern,mkevern4@google.it,Female,184.161.76.153
6,Caryl,De Santos,cdesantos5@netlog.com,Male,156.149.136.27
7,Hewitt,Tanfield,htanfield6@mayoclinic.com,Agender,29.10.135.48
8,Sigvard,Brugman,sbrugman7@economist.com,Male,142.60.97.158
9,Eda,Duffett,eduffett8@reuters.com,Female,104.112.3.161
10,Alphonse,Ollie,aollie9@webmd.com,Male,68.208.117.179
11,Emmey,Elster,eelstera@vistaprint.com,Female,187.139.14.38
12,Haily,Hartfield,hhartfieldb@cam.ac.uk,Female,35.109.222.254
13,Morrie,Abthorpe,mabthorpec@yellowpages.com,Male,240.246.60.28
14,Hervey,Kentwell,hkentwelld@noaa.gov,Male,179.187.174.97
15,Talbert,Imlen,timlene@cornell.edu,Male,33.76.234.252
16,Joshia,Redmore,jredmoref@posterous.com,Male,98.6.58.53
17,Dorri,Lorenzo,dlorenzog@list-manage.com,Female,133.92.95.62
18,Scott,Flew,sflewh@drupal.org,Male,107.57.209.96
19,Lemmy,Whitlow,lwhitlowi@springer.com,Male,216.123.221.105
20,Hector,Doreward,hdorewardj@bizjournals.com,Bigender,175.241.220.96
21,Woodman,Collington,wcollingtonk@infoseek.co.jp,Male,180.230.13.150
22,Ric,Largan,rlarganl@tinyurl.com,Male,52.62.58.225
23,Rafe,McArthur,rmcarthurm@hp.com,Male,0.49.98.191
24,King,Giottini,kgiottinin@desdev.cn,Male,224.43.186.151
25,Shalna,Winkworth,swinkwortho@youku.com,Female,80.104.248.232
26,Alasteir,Ladbury,aladburyp@themeforest.net,Male,41.85.243.170
27,Garik,Hachard,ghachardq@multiply.com,Male,238.10.226.208
28,Ula,MacGraith,umacgraithr@reverbnation.com,Female,200.137.65.28
29,Bond,Ison,bisons@bbb.org,Male,250.124.161.120
30,Luce,Chezier,lcheziert@vimeo.com,Female,215.234.20.35
31,Marleah,Peppard,mpeppardu@ibm.com,Female,44.151.1.114
32,Spenser,Camings,scamingsv@ebay.co.uk,Male,94.12.155.217
33,Gran,O'Loghlen,gologhlenw@hostgator.com,Male,105.88.173.103
34,Nicolle,Reilly,nreillyx@narod.ru,Female,191.178.100.182
35,Loise,Mafham,lmafhamy@blogspot.com,Female,197.52.71.82
36,Udale,Gossipin,ugossipinz@freewebs.com,Male,239.141.98.85
37,Matthew,Hosburn,mhosburn10@wired.com,Male,129.22.179.205
38,Andris,Seyfart,aseyfart11@ucoz.com,Male,29.126.4.57
39,Curran,Stoggles,cstoggles12@harvard.edu,Male,203.244.187.215
40,Aurlie,Etuck,aetuck13@wisc.edu,Female,225.18.213.246
41,Husein,Musterd,hmusterd14@ucsd.edu,Male,17.202.120.108
42,Umberto,Winspurr,uwinspurr15@soup.io,Male,122.123.214.181
43,Ginevra,MacTerrelly,gmacterrelly16@tinyurl.com,Female,49.131.119.142
44,Harwilll,Purnell,hpurnell17@yahoo.com,Male,56.209.133.18
45,Sibyl,Lebarree,slebarree18@etsy.com,Male,212.214.207.155
46,Ericha,Flancinbaum,eflancinbaum19@bloglines.com,Female,140.237.129.122
47,Ram,Cockarill,rcockarill1a@cocolog-nifty.com,Male,40.232.109.112
48,Gaile,Blackall,gblackall1b@thetimes.co.uk,Male,66.147.143.254
49,Asia,Easterby,aeasterby1c@techcrunch.com,Female,29.217.56.131
50,Eveleen,Quinnelly,equinnelly1d@columbia.edu,Female,174.116.178.146
51,Lelia,Swarbrigg,lswarbrigg1e@goo.gl,Female,18.101.70.192
52,Arnie,Hollier,ahollier1f@i2i.jp,Male,0.192.67.109
53,Kendra,MacDunlevy,kmacdunlevy1g@ebay.com,Female,86.10.179.228
54,Benji,Bleakley,bbleakley1h@last.fm,Male,116.200.241.24
55,Adams,Stopher,astopher1i@reference.com,Male,63.213.42.79
56,Marcelo,Jon,mjon1j@about.com,Male,198.190.35.74
57,Portie,Herrero,pherrero1k@cpanel.net,Male,108.107.198.11
58,Gordon,Normanton,gnormanton1l@live.com,Male,57.111.203.83
59,Robert,Roslen,rroslen1m@pen.io,Male,59.146.236.240
60,Paulie,Impy,pimpy1n@hud.gov,Male,46.5.53.204
61,Skye,Tuerena,stuerena1o@cnbc.com,Male,26.196.28.71
62,Janela,Searle,jsearle1p@nytimes.com,Female,239.63.38.115
63,Tiebold,Shewery,tshewery1q@addthis.com,Male,138.152.255.11
64,Barret,McNish,bmcnish1r@newsvine.com,Non-binary,132.103.228.101
65,Eb,Ince,eince1s@guardian.co.uk,Male,12.210.19.250
66,Gray,Lumsdale,glumsdale1t@cafepress.com,Female,64.76.54.172
67,Sammy,Willoughby,swilloughby1u@1und1.de,Female,12.176.139.141
68,Hanan,Nuton,hnuton1v@apache.org,Non-binary,56.5.51.251
69,Luis,Lambricht,llambricht1w@youtu.be,Male,55.28.24.103
70,Ariana,Barreau,abarreau1x@cdc.gov,Genderfluid,237.227.152.214
71,Cathryn,Labet,clabet1y@jugem.jp,Female,166.222.120.233
72,Ted,Gledstane,tgledstane1z@chronoengine.com,Female,107.36.57.250
73,Calvin,Elecum,celecum20@hao123.com,Agender,135.237.174.162
74,Diena,Gabbidon,dgabbidon21@samsung.com,Female,28.135.125.237
75,Arri,Mulvagh,amulvagh22@prnewswire.com,Male,57.22.193.139
76,Augy,Bain,abain23@mac.com,Male,136.111.61.156
77,Vanny,Bonny,vbonny24@jalbum.net,Female,236.51.215.175
78,Aurelie,Bedenham,abedenham25@sciencedirect.com,Female,160.7.41.24
79,Brynne,Alessandrelli,balessandrelli26@vinaora.com,Female,57.67.28.98
80,Lusa,Staniforth,lstaniforth27@desdev.cn,Female,96.224.119.53
81,Barron,Lademann,blademann28@blog.com,Male,254.24.93.42
82,Andrej,Whorlow,awhorlow29@aol.com,Male,228.3.7.12
83,Annabell,Titt,atitt2a@google.it,Female,241.119.19.175
84,Brandea,Flawith,bflawith2b@wufoo.com,Female,26.5.254.35
85,Jonathon,Wavell,jwavell2c@stumbleupon.com,Male,58.241.35.9
86,Billy,Cristofaro,bcristofaro2d@prlog.org,Female,89.98.239.153
87,Daniella,Camell,dcamell2e@psu.edu,Female,21.16.254.177
88,Odelle,Wolton,owolton2f@last.fm,Female,238.211.237.72
89,Megen,Pettis,mpettis2g@slashdot.org,Female,209.206.194.167
90,Imogen,Cudbertson,icudbertson2h@quantcast.com,Female,69.48.173.171
91,Rainer,Eddison,reddison2i@businesswire.com,Male,254.9.46.121
92,Godard,Haslehurst,ghaslehurst2j@posterous.com,Male,206.34.70.18
93,Arv,Vargas,avargas2k@ezinearticles.com,Male,1.149.180.130
94,Cornell,Flucker,cflucker2l@github.io,Male,145.222.200.185
95,Garwood,Markos,gmarkos2m@spiegel.de,Male,251.253.189.5
96,Nissa,Baldetti,nbaldetti2n@cafepress.com,Female,166.105.161.2
97,Ebeneser,Kleinholz,ekleinholz2o@google.ca,Male,211.147.171.202
98,Oralia,Dumphries,odumphries2p@discovery.com,Female,161.249.137.247
99,Barbra,Gaythor,bgaythor2q@ovh.net,Female,35.51.118.14
100,Karlis,MacQuaker,kmacquaker2r@deliciousdays.com,Genderfluid,49.216.139.74
101,Jania,Kennifeck,jkennifeck2s@ning.com,Female,150.197.22.137
102,Berrie,Le Hucquet,blehucquet2t@goodreads.com,Female,175.29.220.144
103,Earvin,Branni,ebranni2u@studiopress.com,Male,99.218.104.22
104,Babita,Van der Hoeven,bvanderhoeven2v@cbsnews.com,Female,154.95.48.232
105,Tiffie,Johnsson,tjohnsson2w@booking.com,Female,49.234.231.141
106,Darya,Whiteford,dwhiteford2x@gov.uk,Female,27.224.186.104
107,Monte,Draysay,mdraysay2y@webs.com,Male,194.248.183.18
108,Kylila,Lanahan,klanahan2z@acquirethisname.com,Female,133.198.86.55
109,Thomas,Seater,tseater30@sfgate.com,Male,187.12.221.231
110,Corena,Gabbatiss,cgabbatiss31@amazon.de,Female,13.44.33.77
111,Lisle,Doveston,ldoveston32@reddit.com,Male,135.139.220.144
112,Orren,McGall,omcgall33@mapy.cz,Male,40.3.244.142
113,Niccolo,Liddicoat,nliddicoat34@unc.edu,Male,106.71.112.178
114,Foster,Dahle,fdahle35@de.vu,Male,122.243.245.79
115,Mick,Caslin,mcaslin36@histats.com,Male,175.155.109.61
116,Matelda,Duncklee,mduncklee37@ftc.gov,Female,229.238.205.9
117,Saw,Bruineman,sbruineman38@addthis.com,Male,122.47.63.204
118,Thorin,De Domenico,tdedomenico39@nba.com,Male,131.131.143.199
119,Bernetta,Charlin,bcharlin3a@salon.com,Female,185.130.40.89
120,Gawain,Barrowcliff,gbarrowcliff3b@spiegel.de,Male,146.145.50.44
121,Cosmo,Woolveridge,cwoolveridge3c@angelfire.com,Male,45.126.181.176
122,Jarib,Margaritelli,jmargaritelli3d@hc360.com,Male,3.148.191.115
123,Sherlock,Courcey,scourcey3e@unc.edu,Male,206.246.94.173
124,Gisele,Mourbey,gmourbey3f@google.co.jp,Non-binary,178.87.214.118
125,Niven,Spolton,nspolton3g@java.com,Male,198.227.196.30
126,Godfree,Molnar,gmolnar3h@4shared.com,Male,171.192.168.155
127,Quintin,Naseby,qnaseby3i@hugedomains.com,Male,255.130.129.87
128,Kristine,Lambert,klambert3j@posterous.com,Female,125.148.54.177
129,Garrett,Gueste,ggueste3k@reverbnation.com,Male,133.127.107.49
130,Colin,Morrant,cmorrant3l@people.com.cn,Male,65.56.193.124
131,Tedie,Ebbings,tebbings3m@blog.com,Male,246.32.28.132
132,Riane,Shyram,rshyram3n@live.com,Female,21.162.188.247
133,Chrotoem,Ties,cties3o@cpanel.net,Male,19.74.90.120
134,Patrizio,Evangelinos,pevangelinos3p@1und1.de,Male,49.86.132.62
135,Silvester,Prin,sprin3q@fastcompany.com,Male,20.31.253.208
136,Antoinette,Pearde,apearde3r@amazon.com,Female,49.189.69.146
137,Cory,Grigorio,cgrigorio3s@odnoklassniki.ru,Male,225.43.240.199
138,Catharina,Brosius,cbrosius3t@instagram.com,Female,226.128.14.203
139,Letitia,Blann,lblann3u@time.com,Female,123.254.181.90
140,Bendix,Crotch,bcrotch3v@comsenz.com,Genderqueer,131.249.207.34
141,Noby,Renney,nrenney3w@biglobe.ne.jp,Male,163.124.223.128
142,Gail,Jumeau,gjumeau3x@cdbaby.com,Male,73.153.14.93
143,Terrence,Ebi,tebi3y@salon.com,Male,75.190.9.204
144,Georges,Addekin,gaddekin3z@miitbeian.gov.cn,Male,171.178.53.87
145,Alejandrina,Berthelmot,aberthelmot40@dagondesign.com,Female,43.204.185.145
146,Hildegaard,Aylin,haylin41@wordpress.org,Female,54.43.0.225
147,Ruthy,Give,rgive42@wix.com,Female,59.130.230.93
148,Eugine,Bruna,ebruna43@timesonline.co.uk,Female,223.188.222.228
149,Tricia,Crottagh,tcrottagh44@tuttocitta.it,Female,18.157.58.154
150,Selena,Cotgrave,scotgrave45@wsj.com,Female,223.250.69.255
151,Carmine,Buntain,cbuntain46@accuweather.com,Male,202.152.23.1
152,Vyky,Standering,vstandering47@ifeng.com,Female,208.85.175.119
153,Emogene,Yarrington,eyarrington48@desdev.cn,Female,6.56.74.55
154,Marcus,Wandrey,mwandrey49@sciencedirect.com,Male,108.55.35.224
155,Edee,Robison,erobison4a@arstechnica.com,Genderqueer,124.48.169.10
156,Camile,Vigne,cvigne4b@deviantart.com,Female,26.83.245.71
157,Tessie,Crighton,tcrighton4c@cargocollective.com,Female,201.171.66.47
158,Swen,Crambie,scrambie4d@bloomberg.com,Male,2.162.240.149
159,Chickie,Konneke,ckonneke4e@macromedia.com,Male,74.193.170.243
160,Sebastian,Dumblton,sdumblton4f@sogou.com,Male,192.5.199.151
161,Danya,Yonnie,dyonnie4g@psu.edu,Male,237.184.218.48
162,Esteban,Ferrieri,eferrieri4h@oaic.gov.au,Male,16.59.107.29
163,Davida,Farady,dfarady4i@addtoany.com,Female,236.131.156.104
164,Cory,Chipperfield,cchipperfield4j@i2i.jp,Male,161.136.204.142
165,Ginny,Sisley,gsisley4k@usatoday.com,Female,191.60.219.152
166,Elysia,Kildea,ekildea4l@deviantart.com,Female,207.216.136.201
167,Livvyy,Joist,ljoist4m@house.gov,Female,24.1.138.78
168,Alvie,Elham,aelham4n@scientificamerican.com,Male,60.41.75.23
169,Jerald,Chichgar,jchichgar4o@economist.com,Male,221.140.132.182
170,Roosevelt,Stuther,rstuther4p@ycombinator.com,Male,164.248.120.39
171,Roxanna,Readwin,rreadwin4q@redcross.org,Female,160.246.64.189
172,Wylie,Hanwell,whanwell4r@amazon.co.jp,Male,155.148.156.109
173,Cornelia,Hunday,chunday4s@fda.gov,Female,91.173.244.54
174,Tristan,Chiechio,tchiechio4t@cyberchimps.com,Genderqueer,143.18.202.75
175,Joete,Holt,jholt4u@businessweek.com,Genderqueer,90.249.135.1
176,Rickey,Di Gregorio,rdigregorio4v@posterous.com,Male,244.106.97.132
177,Royall,Joris,rjoris4w@studiopress.com,Male,130.138.162.127
178,Linoel,Burgise,lburgise4x@businessinsider.com,Male,166.104.249.144
179,Boniface,Fosdyke,bfosdyke4y@diigo.com,Male,84.7.186.193
180,Eziechiele,Matzke,ematzke4z@rakuten.co.jp,Male,208.126.226.34
181,Lori,Climson,lclimson50@sina.com.cn,Female,46.253.229.220
182,Ruthie,Weller,rweller51@oaic.gov.au,Female,198.145.181.6
183,Cariotta,Dungay,cdungay52@va.gov,Female,59.58.140.193
184,Tyler,De Laspee,tdelaspee53@google.com,Male,171.135.7.216
185,Junia,Alldritt,jalldritt54@unesco.org,Female,99.170.62.81
186,Clary,Smorfit,csmorfit55@ftc.gov,Genderfluid,98.118.154.49
187,Brigid,De La Hay,bdelahay56@behance.net,Female,96.200.250.84
188,Marcelia,Moan,mmoan57@shinystat.com,Female,171.155.8.9
189,Hedi,Hannibal,hhannibal58@yellowbook.com,Female,121.14.59.185
190,Carlo,Wheatley,cwheatley59@jalbum.net,Male,25.223.211.117
191,Johnny,Flowers,jflowers5a@sogou.com,Male,194.181.60.117
192,Kiersten,Plose,kplose5b@cornell.edu,Female,74.210.173.59
193,Duky,Soans,dsoans5c@mayoclinic.com,Male,105.251.40.153
194,Patrice,Livermore,plivermore5d@columbia.edu,Male,158.24.108.180
195,Rufe,Pickavance,rpickavance5e@vkontakte.ru,Male,39.4.118.10
196,Diane,Davidesco,ddavidesco5f@msn.com,Female,137.134.136.26
197,Pepe,Kornyakov,pkornyakov5g@businessweek.com,Male,159.49.225.193
198,Gillan,Moreman,gmoreman5h@nifty.com,Female,139.207.87.48
199,Adam,Schinetti,aschinetti5i@yahoo.com,Male,199.71.72.157
200,Jules,Soutter,jsoutter5j@shutterfly.com,Male,170.81.224.145
201,Rachelle,Thatcham,rthatcham5k@blog.com,Genderqueer,183.143.58.43
202,Kori,Keiley,kkeiley5l@google.fr,Genderqueer,216.104.119.33
203,Eloise,Farloe,efarloe5m@nydailynews.com,Female,53.127.199.125
204,Millisent,Zmitruk,mzmitruk5n@berkeley.edu,Agender,121.251.147.190
205,Ralph,Arens,rarens5o@google.pl,Male,220.4.130.161
206,Casper,Twine,ctwine5p@cam.ac.uk,Male,154.41.32.174
207,Billi,Leathley,bleathley5q@examiner.com,Female,140.83.234.76
208,Loreen,Tuckett,ltuckett5r@ycombinator.com,Female,119.133.23.186
209,Isabel,O'Grada,iograda5s@webeden.co.uk,Female,3.179.140.179
210,Herta,Gabbatiss,hgabbatiss5t@gov.uk,Female,59.46.181.190
211,Drona,Blind,dblind5u@ca.gov,Female,62.26.37.240
212,Kristoforo,Dran,kdran5v@wikimedia.org,Male,188.250.117.249
213,Violet,Thaim,vthaim5w@gov.uk,Female,166.171.249.92
214,Gavra,Kirsopp,gkirsopp5x@businessinsider.com,Female,145.79.35.129
215,Augie,Cours,acours5y@scribd.com,Male,178.46.184.104
216,Coraline,Heineking,cheineking5z@twitter.com,Female,143.81.102.222
217,Ernesto,Fassan,efassan60@hatena.ne.jp,Male,55.66.15.114
218,Regan,Ruddom,rruddom61@livejournal.com,Male,61.97.137.221
219,Jere,Dunhill,jdunhill62@cam.ac.uk,Male,18.201.86.107
220,Felita,Broomhead,fbroomhead63@barnesandnoble.com,Female,51.206.60.35
221,Sella,Coning,sconing64@time.com,Bigender,33.230.92.241
222,Jenica,Studman,jstudman65@desdev.cn,Female,35.218.5.155
223,Leodora,Wewell,lwewell66@ning.com,Female,55.245.36.179
224,Amata,Harsent,aharsent67@macromedia.com,Bigender,13.166.134.242
225,Randolph,Faragher,rfaragher68@furl.net,Male,80.234.83.67
226,Keriann,Pittway,kpittway69@xrea.com,Female,196.24.49.250
227,Terrie,Cuel,tcuel6a@tinypic.com,Female,162.22.140.175
228,Amanda,Hanburry,ahanburry6b@phoca.cz,Female,85.178.163.223
229,Mufinella,Bennington,mbennington6c@geocities.com,Female,133.85.115.164
230,Ciro,Skipsea,cskipsea6d@pcworld.com,Male,170.240.8.90
231,Cobbie,Walkden,cwalkden6e@rambler.ru,Male,196.196.141.25
232,Konstance,Schoular,kschoular6f@dmoz.org,Genderfluid,172.145.183.153
233,Shanna,Brobyn,sbrobyn6g@ft.com,Female,144.167.9.63
234,Perry,De Mars,pdemars6h@phoca.cz,Female,75.124.216.191
235,Denver,Corneil,dcorneil6i@hud.gov,Male,72.100.177.137
236,Else,Cubin,ecubin6j@oracle.com,Female,142.84.228.245
237,Hillery,Jillings,hjillings6k@un.org,Male,157.79.8.137
238,Baldwin,Ganiclef,bganiclef6l@psu.edu,Male,213.224.156.23
239,Windham,Fry,wfry6m@pagesperso-orange.fr,Male,198.53.67.161
240,Enrico,McClounan,emcclounan6n@merriam-webster.com,Male,77.168.40.115
241,Mirabella,Castillou,mcastillou6o@barnesandnoble.com,Genderfluid,68.189.37.87
242,Lauree,Alves,lalves6p@godaddy.com,Female,214.108.174.239
243,Ilyse,Rusling,irusling6q@zdnet.com,Female,155.206.92.74
244,Yehudi,Cadlock,ycadlock6r@shareasale.com,Male,122.108.99.189
245,Yancy,Insko,yinsko6s@rediff.com,Male,88.176.181.97
246,Candy,Wiggett,cwiggett6t@paginegialle.it,Female,190.143.193.161
247,Ethelda,Sabberton,esabberton6u@studiopress.com,Female,64.102.63.138
248,Joelie,Meindl,jmeindl6v@blogspot.com,Female,24.62.0.110
249,Gerik,Kitchinham,gkitchinham6w@freewebs.com,Male,117.179.229.77
250,Marcie,Webben,mwebben6x@altervista.org,Genderqueer,159.83.210.20
251,Livvy,Lindsey,llindsey6y@irs.gov,Female,186.111.225.122
252,Olivie,Grcic,ogrcic6z@edublogs.org,Female,109.172.246.225
253,Riobard,Swidenbank,rswidenbank70@dailymotion.com,Male,26.128.78.213
254,Carny,Gherardelli,cgherardelli71@cbsnews.com,Male,201.35.219.146
255,Barnard,Mannie,bmannie72@pinterest.com,Male,148.135.109.246
256,Rupert,Marland,rmarland73@so-net.ne.jp,Male,160.58.192.233
257,Andonis,Boothman,aboothman74@cpanel.net,Male,26.16.112.96
258,Judye,Hebbard,jhebbard75@thetimes.co.uk,Female,238.235.137.44
259,Alvera,Fellgett,afellgett76@statcounter.com,Female,205.0.120.82
260,Carrie,Leipoldt,cleipoldt77@sciencedaily.com,Female,186.217.52.212
261,Gale,Wastling,gwastling78@istockphoto.com,Female,15.211.151.200
262,Mart,Dimanche,mdimanche79@tamu.edu,Male,178.31.60.27
263,Joycelin,Clemmey,jclemmey7a@liveinternet.ru,Female,254.220.125.140
264,Jodi,Rainger,jrainger7b@usnews.com,Female,99.219.76.86
265,Betsey,Tomaschke,btomaschke7c@meetup.com,Female,232.132.252.235
266,Libbie,Blencowe,lblencowe7d@yale.edu,Female,102.198.152.143
267,Edy,Reims,ereims7e@timesonline.co.uk,Female,116.196.40.83
268,Ava,Norridge,anorridge7f@google.com.br,Female,223.154.164.39
269,Judi,Drinnan,jdrinnan7g@paypal.com,Female,32.119.26.235
270,Melodee,Scotfurth,mscotfurth7h@oakley.com,Female,118.217.16.132
271,Loleta,Cecely,lcecely7i@mail.ru,Bigender,251.93.178.202
272,Marice,Aggio,maggio7j@slashdot.org,Female,99.161.162.211
273,Kimberly,Pesak,kpesak7k@reddit.com,Female,21.3.159.115
274,Nevin,Tander,ntander7l@bing.com,Male,210.98.79.252
275,Thayne,Layburn,tlayburn7m@unesco.org,Male,176.61.16.255
276,Nickey,Riccardini,nriccardini7n@howstuffworks.com,Male,167.152.22.28
277,Aaren,Ivic,aivic7o@joomla.org,Female,218.106.213.225
278,Wally,Dewey,wdewey7p@loc.gov,Female,227.185.62.116
279,Allan,Tingle,atingle7q@nifty.com,Male,232.79.153.142
280,Arleen,MacTrustam,amactrustam7r@hostgator.com,Female,219.93.37.222
281,Haleigh,Pennock,hpennock7s@washington.edu,Female,137.191.69.138
282,Audie,Todhunter,atodhunter7t@theatlantic.com,Female,185.41.254.176
283,Marlon,Pickburn,mpickburn7u@stumbleupon.com,Male,68.25.190.192
284,Granthem,Cleynaert,gcleynaert7v@1und1.de,Male,61.231.182.138
285,Beltran,Brockett,bbrockett7w@creativecommons.org,Male,71.45.143.136
286,Gaven,Verdey,gverdey7x@youtube.com,Male,91.202.110.0
287,Kristin,Boston,kboston7y@mit.edu,Female,29.249.122.193
288,Aylmar,Earney,aearney7z@ycombinator.com,Male,252.172.139.20
289,Jeanine,Halegarth,jhalegarth80@phpbb.com,Female,143.56.231.32
290,Beck,Dinkin,bdinkin81@psu.edu,Male,197.70.154.200
291,Mikaela,Longfield,mlongfield82@addtoany.com,Female,74.85.86.45
292,Percy,Comelini,pcomelini83@army.mil,Male,168.112.58.115
293,Donalt,Roy,droy84@privacy.gov.au,Polygender,149.9.60.37
294,Shanon,Bott,sbott85@bravesites.com,Female,27.184.212.191
295,Nissa,Pedro,npedro86@nasa.gov,Female,27.133.221.195
296,Marianne,Penn,mpenn87@clickbank.net,Agender,20.136.231.238
297,Shell,O'Moylane,somoylane88@admin.ch,Female,53.184.188.185
298,Ezra,Duckit,educkit89@google.it,Male,169.119.86.136
299,Mayor,Gelling,mgelling8a@netlog.com,Male,106.70.52.91
300,Madelle,Larmuth,mlarmuth8b@engadget.com,Genderfluid,29.228.165.195
301,Rina,Pegrum,rpegrum8c@yellowpages.com,Polygender,23.244.33.247
302,Angel,Reeve,areeve8d@sakura.ne.jp,Male,81.27.10.169
303,Borg,Tibbetts,btibbetts8e@artisteer.com,Male,53.204.180.237
304,Arlyne,Murie,amurie8f@friendfeed.com,Female,40.168.246.171
305,Dex,Butterley,dbutterley8g@xing.com,Male,189.168.140.50
306,Joyous,Rainbird,jrainbird8h@newsvine.com,Female,160.176.242.40
307,Erika,Juanes,ejuanes8i@blogspot.com,Female,134.7.151.27
308,Devlen,Heather,dheather8j@ovh.net,Male,16.50.208.126
309,Aila,Lemonnier,alemonnier8k@is.gd,Female,156.11.86.248
310,Susann,Barden,sbarden8l@usa.gov,Genderfluid,166.109.128.171
311,Ulrica,Sherebrooke,usherebrooke8m@digg.com,Female,34.159.106.101
312,Lara,Fulcher,lfulcher8n@google.com.au,Female,53.194.21.4
313,Oralie,Le Fevre,olefevre8o@webeden.co.uk,Female,58.240.231.123
314,Carlyle,Ferrari,cferrari8p@answers.com,Male,101.103.222.11
315,Saundra,Lansberry,slansberry8q@cbsnews.com,Non-binary,168.198.9.164
316,Roseann,Denisevich,rdenisevich8r@google.com.hk,Female,115.80.67.48
317,Maryjane,Marnes,mmarnes8s@dropbox.com,Female,38.196.49.130
318,Niccolo,Edwardes,nedwardes8t@de.vu,Male,7.165.132.240
319,Carree,Wapol,cwapol8u@bloglovin.com,Female,245.168.72.194
320,Briney,Martynikhin,bmartynikhin8v@phoca.cz,Female,199.178.147.12
321,Isa,Rome,irome8w@vinaora.com,Male,111.19.60.192
322,Laura,Stocker,lstocker8x@smugmug.com,Female,204.46.79.50
323,Norri,Bains,nbains8y@umich.edu,Female,255.191.17.214
324,Morey,McVicar,mmcvicar8z@ucla.edu,Male,142.22.43.112
325,Frederich,Butland,fbutland90@youku.com,Bigender,13.103.40.146
326,Curt,Jillett,cjillett91@ucoz.com,Male,226.187.227.43
327,Alia,Babonau,ababonau92@eventbrite.com,Female,100.102.190.196
328,Bron,Colebeck,bcolebeck93@statcounter.com,Male,31.131.30.207
329,Samantha,Dunthorne,sdunthorne94@meetup.com,Female,20.26.21.103
330,Margarethe,Ackred,mackred95@weibo.com,Female,112.159.112.49
331,Roxanna,Alstead,ralstead96@posterous.com,Female,236.8.93.56
332,Obie,McDougall,omcdougall97@irs.gov,Male,118.62.180.236
333,Josefa,Scay,jscay98@deliciousdays.com,Female,33.163.205.189
334,Rocky,De Malchar,rdemalchar99@bbb.org,Male,201.240.166.103
335,Marje,Simak,msimak9a@yellowpages.com,Female,88.225.79.4
336,Addie,Lympenie,alympenie9b@deviantart.com,Male,1.33.174.250
337,Yurik,Lipp,ylipp9c@desdev.cn,Male,150.203.172.214
338,Dennie,Berriman,dberriman9d@digg.com,Male,57.61.164.222
339,Charleen,Tottie,ctottie9e@ezinearticles.com,Female,174.123.148.163
340,Clay,Gozzett,cgozzett9f@state.gov,Male,22.195.77.65
341,Flory,Newbery,fnewbery9g@google.cn,Male,16.146.140.38
342,Stinky,Coultish,scoultish9h@surveymonkey.com,Male,67.250.25.150
343,Gino,Ovize,govize9i@zimbio.com,Male,96.66.119.95
344,Fabe,Duffree,fduffree9j@google.co.uk,Male,252.213.150.45
345,Adriena,Rojas,arojas9k@utexas.edu,Female,200.68.239.121
346,Maryellen,Micallef,mmicallef9l@arstechnica.com,Female,154.245.13.196
347,Aluino,Padmore,apadmore9m@altervista.org,Male,135.18.78.55
348,Sapphira,Cumes,scumes9n@joomla.org,Female,26.144.155.147
349,Dania,Basey,dbasey9o@opensource.org,Female,139.227.137.17
350,Jillene,Lewnden,jlewnden9p@canalblog.com,Female,148.193.171.71
351,Obadiah,Offner,ooffner9q@dmoz.org,Bigender,171.98.81.159
352,Kippie,Sainsbury-Brown,ksainsburybrown9r@unicef.org,Male,66.125.173.193
353,Walden,Mabbett,wmabbett9s@mozilla.com,Male,123.248.14.120
354,Sharia,Haskell,shaskell9t@123-reg.co.uk,Female,22.71.72.18
355,Claudia,Gallaway,cgallaway9u@youku.com,Female,199.216.24.112
356,Finley,Ambroise,fambroise9v@mtv.com,Male,109.117.195.53
357,Pier,Chattell,pchattell9w@sourceforge.net,Female,31.95.161.221
358,Andonis,Richemond,arichemond9x@yellowpages.com,Male,63.172.89.198
359,Gilda,Iacomo,giacomo9y@smugmug.com,Female,121.163.243.153
360,Ancell,Garnsey,agarnsey9z@mayoclinic.com,Male,60.15.110.99
361,Janetta,Ghelardi,jghelardia0@networksolutions.com,Non-binary,157.101.172.29
362,Sandro,Bales,sbalesa1@moonfruit.com,Male,56.131.193.146
363,Irving,Havercroft,ihavercrofta2@nih.gov,Male,94.245.163.254
364,Napoleon,Gribbins,ngribbinsa3@shinystat.com,Male,43.34.179.198
365,Abbott,Lockwood,alockwooda4@twitter.com,Male,42.163.153.101
366,Sunny,Pickrill,spickrilla5@pcworld.com,Male,3.59.15.223
367,Antin,Gioani,agioania6@wired.com,Male,8.16.72.180
368,Alfy,Richarz,aricharza7@chron.com,Non-binary,64.59.57.240
369,Lurlene,MacTrusty,lmactrustya8@hud.gov,Female,232.209.253.201
370,Kendricks,Hengoed,khengoeda9@about.com,Male,123.9.221.216
371,Rowney,Petto,rpettoaa@buzzfeed.com,Male,49.31.142.181
372,Leone,Duckinfield,lduckinfieldab@taobao.com,Female,203.72.238.2
373,Patsy,Seamon,pseamonac@phoca.cz,Female,58.126.242.122
374,Gib,Mawford,gmawfordad@google.de,Male,216.68.51.208
375,Pieter,Galpin,pgalpinae@virginia.edu,Male,79.100.16.170
376,Bartlet,O'Hengerty,bohengertyaf@simplemachines.org,Male,42.248.228.11
377,Garek,Tonks,gtonksag@live.com,Male,246.196.93.103
378,Joelle,Schankel,jschankelah@vimeo.com,Female,82.139.112.173
379,Jemmy,Yerborn,jyerbornai@google.it,Female,99.107.173.97
380,Rickert,Marven,rmarvenaj@ucoz.com,Male,107.176.110.48
381,Isabelle,Agostini,iagostiniak@about.com,Female,91.98.153.208
382,Ches,Boustead,cbousteadal@blogtalkradio.com,Polygender,101.8.226.110
383,Sanders,Wetheril,swetherilam@mediafire.com,Male,163.116.35.235
384,Valerie,Blacksland,vblackslandan@google.com.au,Female,84.51.177.99
385,Tallie,Scott,tscottao@themeforest.net,Male,121.117.86.142
386,Tansy,Rumgay,trumgayap@newsvine.com,Female,192.157.236.24
387,Ofelia,Olesen,oolesenaq@fc2.com,Female,142.234.68.137
388,Oneida,Clarricoates,oclarricoatesar@themeforest.net,Female,73.173.138.70
389,Olwen,Hinks,ohinksas@phoca.cz,Female,179.207.135.189
390,Nollie,Eccott,neccottat@whitehouse.gov,Female,101.175.54.133
391,Babara,De Caville,bdecavilleau@hexun.com,Polygender,128.248.212.193
392,Courtney,Pourvoieur,cpourvoieurav@weibo.com,Female,217.217.35.127
393,Kevan,Whates,kwhatesaw@w3.org,Male,232.228.220.99
394,Patti,Gilbody,pgilbodyax@mashable.com,Female,90.245.124.31
395,Bidget,Frugier,bfrugieray@columbia.edu,Female,184.154.235.245
396,Dyane,Threadkell,dthreadkellaz@tripadvisor.com,Female,181.68.48.96
397,Josephina,Ikringill,jikringillb0@xinhuanet.com,Female,111.176.42.147
398,Sansone,Mendez,smendezb1@friendfeed.com,Male,145.133.179.110
399,Pail,Ralton,praltonb2@meetup.com,Male,186.143.203.215
400,Lemar,Boshere,lboshereb3@g.co,Male,97.179.225.139
401,Whitaker,Inglefield,winglefieldb4@360.cn,Male,192.98.64.35
402,Sarina,Bearsmore,sbearsmoreb5@about.com,Female,77.242.115.214
403,Aldwin,Scarborough,ascarboroughb6@google.cn,Male,151.96.207.250
404,Timotheus,Domange,tdomangeb7@artisteer.com,Male,132.190.163.146
405,Currie,Simone,csimoneb8@biblegateway.com,Agender,251.92.174.151
406,Marisa,Cutforth,mcutforthb9@marketwatch.com,Female,237.42.1.234
407,Barty,Jestico,bjesticoba@time.com,Male,230.248.147.154
408,Bird,Stillman,bstillmanbb@craigslist.org,Female,96.200.230.175
409,Decca,Fardy,dfardybc@weather.com,Male,7.241.116.8
410,Quillan,Zamboniari,qzamboniaribd@arstechnica.com,Male,226.32.165.59
411,Ulrick,Troillet,utroilletbe@digg.com,Male,93.133.73.235
412,Lurlene,Simon,lsimonbf@alexa.com,Female,60.216.125.53
413,Lea,Trenaman,ltrenamanbg@ebay.com,Female,89.181.242.27
414,Webster,Nannini,wnanninibh@g.co,Male,177.159.255.70
415,Yetty,Costigan,ycostiganbi@geocities.com,Female,124.30.61.4
416,Emmye,Forre,eforrebj@bloomberg.com,Bigender,195.126.137.134
417,Stormi,Dehm,sdehmbk@aboutads.info,Female,27.129.91.2
418,Ulrick,Walmsley,uwalmsleybl@networkadvertising.org,Male,241.31.136.178
419,Sula,Ashford,sashfordbm@github.com,Non-binary,204.148.129.120
420,Theobald,Colebourn,tcolebournbn@thetimes.co.uk,Male,216.161.47.254
421,Lyndell,Gotter,lgotterbo@hhs.gov,Agender,167.206.240.145
422,Mordecai,Keay,mkeaybp@jalbum.net,Male,176.171.254.117
423,Blair,Wisniewski,bwisniewskibq@goo.gl,Male,106.40.124.230
424,Marlon,Ickovicz,mickoviczbr@homestead.com,Male,74.105.110.45
425,Daile,Gligorijevic,dgligorijevicbs@hao123.com,Female,124.254.110.247
426,Janka,Reboul,jreboulbt@bloomberg.com,Female,47.199.66.30
427,Raymund,Gothliff,rgothliffbu@myspace.com,Bigender,94.148.169.77
428,Meade,de Voiels,mdevoielsbv@intel.com,Female,5.197.163.32
429,Chere,Diver,cdiverbw@craigslist.org,Female,69.60.10.14
430,Ariella,Delle,adellebx@e-recht24.de,Female,91.203.10.235
431,Sile,Edlyn,sedlynby@ted.com,Female,189.166.250.31
432,Tyrus,McKeag,tmckeagbz@istockphoto.com,Male,25.240.103.9
433,Flor,Goldstone,fgoldstonec0@prweb.com,Female,220.167.189.70
434,Glenna,Hartless,ghartlessc1@gizmodo.com,Female,54.76.161.221
435,Jeffrey,L'Homme,jlhommec2@furl.net,Male,5.106.152.72
436,Alene,Ygoe,aygoec3@lulu.com,Female,16.120.81.180
437,Teddi,Udey,tudeyc4@blogger.com,Female,195.24.27.31
438,Whitney,Kobel,wkobelc5@google.com,Male,51.124.231.186
439,Aimil,Kenington,akeningtonc6@i2i.jp,Genderfluid,89.185.56.107
440,Phoebe,Rapaport,prapaportc7@dion.ne.jp,Female,86.97.52.168
441,Ellyn,Dyzart,edyzartc8@nydailynews.com,Female,221.53.97.246
442,Jozef,Withringten,jwithringtenc9@wordpress.com,Male,232.211.248.75
443,Devinne,Ionnidis,dionnidisca@nih.gov,Female,99.71.249.120
444,Richy,Skyram,rskyramcb@cisco.com,Male,5.127.77.95
445,Harlene,Plain,hplaincc@boston.com,Female,87.19.160.176
446,Edwina,Mattioni,emattionicd@nsw.gov.au,Female,151.228.85.142
447,Gerek,Fronks,gfronksce@thetimes.co.uk,Male,220.77.127.193
448,Nettie,Locarno,nlocarnocf@ihg.com,Female,251.0.111.211
449,Augustin,Rayworth,arayworthcg@wunderground.com,Male,244.208.3.17
450,Therese,Kimberley,tkimberleych@shutterfly.com,Female,53.97.81.201
451,Shelagh,Tench,stenchci@tinyurl.com,Female,242.158.86.223
452,Shay,Kolodziej,skolodziejcj@salon.com,Female,230.47.100.153
453,Gene,Gamble,ggambleck@webmd.com,Male,69.94.30.27
454,Cletus,Cudde,ccuddecl@gmpg.org,Male,224.85.158.72
455,Dawn,Badam,dbadamcm@github.io,Female,68.201.103.122
456,Aubrey,Heeks,aheekscn@zdnet.com,Male,94.14.14.178
457,Jean,Wickendon,jwickendonco@storify.com,Female,123.227.199.152
458,Gene,Whitrod,gwhitrodcp@quantcast.com,Male,9.245.59.10
459,Wyatt,Casero,wcaserocq@imdb.com,Male,31.180.180.60
460,Redford,Morrallee,rmorralleecr@wikipedia.org,Male,13.78.145.35
461,Aloysia,MacCallum,amaccallumcs@amazon.co.uk,Female,86.74.10.22
462,Nappy,McKomb,nmckombct@aboutads.info,Male,120.174.50.248
463,Ganny,Fevers,gfeverscu@weather.com,Male,170.156.184.208
464,Dore,Taye,dtayecv@prnewswire.com,Bigender,91.246.145.167
465,Bondie,Garrow,bgarrowcw@ibm.com,Male,75.119.223.234
466,Salaidh,Sides,ssidescx@accuweather.com,Female,102.205.93.143
467,Barret,Pandey,bpandeycy@mail.ru,Male,141.178.232.115
468,Siobhan,Clowney,sclowneycz@prlog.org,Genderqueer,241.97.111.220
469,Helene,Josefson,hjosefsond0@twitter.com,Female,147.205.58.144
470,Lebbie,Damrell,ldamrelld1@ibm.com,Female,116.203.201.63
471,Jakob,Sutlieff,jsutlieffd2@archive.org,Male,216.251.191.57
472,Mikkel,Atrill,matrilld3@twitter.com,Male,101.91.64.10
473,Major,Brightie,mbrightied4@yahoo.com,Male,17.254.91.254
474,Gloriana,Rushford,grushfordd5@microsoft.com,Non-binary,132.5.194.116
475,Yvon,Towsie,ytowsied6@sfgate.com,Male,29.104.213.57
476,Tabbatha,Rubinowitch,trubinowitchd7@oaic.gov.au,Female,121.169.204.57
477,Germayne,Halksworth,ghalksworthd8@chicagotribune.com,Male,160.52.13.105
478,Eran,Baynard,ebaynardd9@icio.us,Female,80.147.50.248
479,Cecil,Mallock,cmallockda@reuters.com,Male,37.219.244.41
480,Estel,Ormond,eormonddb@over-blog.com,Bigender,149.147.79.237
481,Annmaria,Haughian,ahaughiandc@ucla.edu,Female,113.141.8.29
482,Gracie,Napolione,gnapolionedd@digg.com,Female,235.183.154.174
483,Bradford,Annes,bannesde@senate.gov,Male,101.126.214.215
484,Ronnie,Bruineman,rbruinemandf@hatena.ne.jp,Male,46.88.14.22
485,Myrtia,Couroy,mcouroydg@cnet.com,Polygender,58.169.150.35
486,Gwenette,Chatwood,gchatwooddh@prlog.org,Female,84.106.181.43
487,Nonnah,Anstey,nansteydi@princeton.edu,Genderqueer,228.50.88.24
488,Halley,Colvin,hcolvindj@opensource.org,Female,156.39.132.90
489,Gayelord,Gullefant,ggullefantdk@boston.com,Male,213.231.222.72
490,Elfrida,Wakenshaw,ewakenshawdl@google.de,Female,190.155.210.220
491,Ricardo,Lorent,rlorentdm@cocolog-nifty.com,Male,124.165.147.23
492,Lucine,Abrahm,labrahmdn@sitemeter.com,Female,36.114.152.209
493,Elsinore,Ratlee,eratleedo@g.co,Female,45.70.36.240
494,Auberta,Kelleway,akellewaydp@example.com,Female,252.201.37.53
495,Ollie,Eyckelberg,oeyckelbergdq@independent.co.uk,Male,226.95.4.113
496,Shurlocke,Manns,smannsdr@arstechnica.com,Male,215.249.201.195
497,Yoshiko,Scarce,yscarceds@rambler.ru,Agender,73.83.65.163
498,Free,Giacobelli,fgiacobellidt@symantec.com,Male,178.147.183.162
499,Kennedy,Zisneros,kzisnerosdu@jimdo.com,Male,191.3.4.55
500,Nolly,Skipworth,nskipworthdv@forbes.com,Non-binary,92.100.153.205
501,Allen,Claessens,aclaessensdw@hao123.com,Male,126.143.204.19
502,Tracie,Smallthwaite,tsmallthwaitedx@toplist.cz,Male,238.134.250.15
503,Gil,Tender,gtenderdy@deliciousdays.com,Male,245.251.168.64
504,Yetty,de Castelain,ydecastelaindz@discovery.com,Female,169.90.160.250
505,Krisha,Jedrasik,kjedrasike0@icio.us,Genderqueer,184.29.112.216
506,Jacinta,Byk,jbyke1@uiuc.edu,Female,228.135.232.169
507,Putnem,Python,ppythone2@linkedin.com,Bigender,174.229.52.179
508,Orson,Hackly,ohacklye3@tiny.cc,Male,234.175.19.187
509,Stefanie,Kuna,skunae4@netvibes.com,Female,4.73.230.10
510,Lauryn,Andreia,landreiae5@mysql.com,Female,185.165.233.6
511,Ricky,Kleszinski,rkleszinskie6@bloomberg.com,Male,83.49.216.5
512,Alyosha,Billion,abillione7@mashable.com,Male,126.125.235.161
513,Benedicta,Wrightham,bwrighthame8@php.net,Female,224.217.221.166
514,Boot,Batrop,bbatrope9@noaa.gov,Male,40.238.254.44
515,Larine,Rottery,lrotteryea@lulu.com,Female,115.32.82.66
516,Rowan,Wharin,rwharineb@google.com.au,Male,48.208.120.47
517,Allys,Ritmeier,aritmeierec@rakuten.co.jp,Genderfluid,220.81.117.4
518,Colet,Valasek,cvalaseked@mit.edu,Male,187.178.10.237
519,Gianina,Gallen,ggallenee@addtoany.com,Female,218.248.33.250
520,Colly,Marcus,cmarcusef@cpanel.net,Female,97.138.209.82
521,Adora,Bwy,abwyeg@jimdo.com,Female,157.198.203.151
522,Barb,Weight,bweighteh@chron.com,Female,89.249.226.211
523,Shepherd,Peasey,speaseyei@cargocollective.com,Polygender,179.153.154.116
524,Noelani,Eldred,neldredej@google.com,Female,63.152.144.224
525,Mikel,Matysik,mmatysikek@webs.com,Male,239.48.103.197
526,Teddy,Stirgess,tstirgessel@paypal.com,Female,85.174.244.141
527,Deanna,Planque,dplanqueem@sina.com.cn,Female,100.239.149.185
528,Wilbur,Inder,winderen@nifty.com,Male,105.169.180.229
529,Augustina,Nuzzti,anuzztieo@privacy.gov.au,Female,164.208.246.245
530,Had,Liger,hligerep@soundcloud.com,Male,96.29.200.248
531,Samson,Brotherwood,sbrotherwoodeq@cdc.gov,Male,139.139.191.80
532,Grazia,Becerro,gbecerroer@time.com,Female,147.17.196.102
533,Read,Wickman,rwickmanes@goo.gl,Male,235.132.212.119
534,Sander,Guillond,sguillondet@godaddy.com,Male,248.180.33.83
535,Fiorenze,Dearell,fdearelleu@google.ca,Female,115.100.229.25
536,Karol,McCaskell,kmccaskellev@privacy.gov.au,Female,93.117.176.28
537,Trina,Brandom,tbrandomew@vkontakte.ru,Female,108.22.204.240
538,Lauryn,Boller,lbollerex@feedburner.com,Female,147.185.182.16
539,Fiona,Waymont,fwaymontey@ezinearticles.com,Female,135.232.85.94
540,Nick,Palombi,npalombiez@barnesandnoble.com,Male,84.99.174.39
541,Emmaline,MacGorrie,emacgorrief0@cisco.com,Female,32.117.1.236
542,Tess,Checkley,tcheckleyf1@goodreads.com,Female,111.236.171.111
543,Ruben,Kohnen,rkohnenf2@scientificamerican.com,Male,197.48.3.8
544,Rollie,Boultwood,rboultwoodf3@ning.com,Male,165.160.149.238
545,Wanda,Labeuil,wlabeuilf4@arizona.edu,Female,136.179.192.223
546,Bev,Escritt,bescrittf5@cnet.com,Male,213.238.88.232
547,Bernadina,Agostini,bagostinif6@wp.com,Bigender,28.176.72.226
548,Kimbra,Dyerson,kdyersonf7@nature.com,Female,131.190.10.10
549,Tom,Matteuzzi,tmatteuzzif8@ihg.com,Male,59.132.15.210
550,Marabel,Attersoll,mattersollf9@spiegel.de,Female,176.79.98.134
551,Arleta,Iannelli,aiannellifa@goodreads.com,Female,74.205.64.31
552,Antony,Legging,aleggingfb@toplist.cz,Male,76.246.20.180
553,Lucienne,Kelleher,lkelleherfc@pbs.org,Female,16.92.49.155
554,Dari,Elloy,delloyfd@arizona.edu,Female,212.32.237.194
555,Cristiano,Klassman,cklassmanfe@seattletimes.com,Male,36.14.220.45
556,Kippie,Babbs,kbabbsff@mit.edu,Female,101.118.193.100
557,Ivory,McCormick,imccormickfg@miitbeian.gov.cn,Female,195.16.61.37
558,Milka,Aymerich,maymerichfh@hostgator.com,Female,224.231.146.32
559,Hillery,Ludewig,hludewigfi@webeden.co.uk,Male,46.241.61.20
560,Cazzie,Seddon,cseddonfj@constantcontact.com,Male,58.66.93.239
561,Chrissie,Ganning,cganningfk@bizjournals.com,Male,80.71.155.55
562,Mariette,Bagehot,mbagehotfl@ca.gov,Female,165.31.31.213
563,Francklin,Castellani,fcastellanifm@mtv.com,Male,57.70.190.158
564,Liuka,Guerrin,lguerrinfn@chicagotribune.com,Polygender,199.153.220.173
565,Devinne,Zottoli,dzottolifo@shop-pro.jp,Agender,173.111.181.254
566,Gracia,Battye,gbattyefp@topsy.com,Female,211.46.214.122
567,Janene,Elcoux,jelcouxfq@comsenz.com,Female,123.119.133.230
568,Arabele,Huxstep,ahuxstepfr@tripod.com,Female,1.206.177.241
569,Dot,McCosh,dmccoshfs@surveymonkey.com,Female,32.82.193.167
570,Merrili,Loadsman,mloadsmanft@51.la,Female,236.85.140.23
571,Corrie,De Micoli,cdemicolifu@apache.org,Female,11.121.184.189
572,Nestor,Beecraft,nbeecraftfv@aol.com,Male,110.243.2.20
573,Alvan,Estoile,aestoilefw@cafepress.com,Male,113.171.29.47
574,Urson,Flucks,uflucksfx@mediafire.com,Male,50.17.158.127
575,Tudor,Frain,tfrainfy@huffingtonpost.com,Male,168.86.58.175
576,Hobard,Strathearn,hstrathearnfz@netscape.com,Male,253.58.139.87
577,Samuel,While,swhileg0@msn.com,Bigender,138.167.56.113
578,Fancy,Gornal,fgornalg1@theatlantic.com,Female,128.78.182.131
579,Debbie,Danes,ddanesg2@soundcloud.com,Female,68.12.151.2
580,Allyson,Bordes,abordesg3@domainmarket.com,Female,83.101.234.153
581,Myra,Campo,mcampog4@amazonaws.com,Female,239.128.4.219
582,Julianne,Kirmond,jkirmondg5@pen.io,Female,161.120.153.119
583,Traver,Priddy,tpriddyg6@sina.com.cn,Genderfluid,120.89.184.12
584,Tyler,Mulcaster,tmulcasterg7@twitpic.com,Male,200.173.218.122
585,Hartwell,Giovani,hgiovanig8@yale.edu,Male,1.10.36.117
586,Dora,Dirr,ddirrg9@gmpg.org,Female,89.123.243.98
587,Penny,Elsmore,pelsmorega@who.int,Polygender,103.202.204.29
588,Joane,Hansed,jhansedgb@wp.com,Female,252.54.95.196
589,Rickard,Traite,rtraitegc@plala.or.jp,Male,232.38.26.251
590,Jimmie,Ferrieres,jferrieresgd@arstechnica.com,Male,64.25.135.180
591,Wainwright,Treven,wtrevenge@quantcast.com,Male,126.101.230.248
592,Rodger,Coppeard,rcoppeardgf@twitpic.com,Male,232.251.131.49
593,Jessey,Fiddian,jfiddiangg@arizona.edu,Male,204.101.249.56
594,Cecilia,Mollatt,cmollattgh@xing.com,Polygender,52.89.81.192
595,Lynette,Eallis,leallisgi@reference.com,Female,87.216.241.1
596,Ethelbert,Wellman,ewellmangj@cyberchimps.com,Male,51.238.179.179
597,Tessa,Gutowska,tgutowskagk@senate.gov,Genderqueer,244.225.15.48
598,Phillis,Jackways,pjackwaysgl@bloglovin.com,Female,163.36.151.241
599,Eve,Heindl,eheindlgm@g.co,Female,14.230.253.72
600,Cullen,Doey,cdoeygn@sohu.com,Male,16.165.83.112
601,Cornall,McSperron,cmcsperrongo@ezinearticles.com,Male,53.146.41.65
602,Livvie,Edling,ledlinggp@imageshack.us,Female,83.113.130.8
603,Clarey,Binder,cbindergq@mediafire.com,Female,75.246.200.22
604,Renault,Jecks,rjecksgr@sitemeter.com,Male,81.155.1.205
605,Monika,Yankeev,myankeevgs@usgs.gov,Female,60.71.200.125
606,Humfrey,Davies,hdaviesgt@goo.ne.jp,Bigender,143.88.98.37
607,Shanon,Petkov,spetkovgu@statcounter.com,Female,251.240.158.91
608,Dionisio,Pinckstone,dpinckstonegv@cloudflare.com,Male,44.243.33.80
609,Nadia,Sheppey,nsheppeygw@friendfeed.com,Female,76.89.206.37
610,Shelby,Spurritt,sspurrittgx@vimeo.com,Female,58.228.78.223
611,Anallise,Simon,asimongy@goodreads.com,Female,47.204.48.173
612,Vito,Mithon,vmithongz@quantcast.com,Male,85.239.61.120
613,Alejandra,Fincham,afinchamh0@ucoz.ru,Female,42.94.198.141
614,Kelly,Tipling,ktiplingh1@foxnews.com,Male,127.151.88.41
615,Shayne,Mayler,smaylerh2@ibm.com,Bigender,111.40.253.36
616,Blaine,Heyball,bheyballh3@mysql.com,Male,58.202.147.188
617,Karlan,Watkiss,kwatkissh4@washingtonpost.com,Male,125.136.139.45
618,Verile,O'Hoey,vohoeyh5@meetup.com,Female,28.55.236.138
619,Silvain,Emer,semerh6@cyberchimps.com,Male,153.156.203.226
620,Urson,Morrid,umorridh7@opensource.org,Male,41.128.239.158
621,Torrence,Tindle,ttindleh8@twitter.com,Male,170.171.89.24
622,Eldin,Tomkowicz,etomkowiczh9@yale.edu,Male,94.138.5.224
623,Wendi,Keyzman,wkeyzmanha@fastcompany.com,Female,150.128.72.7
624,Engelbert,Bamlett,ebamletthb@pbs.org,Male,36.177.254.190
625,Neely,Cotterel,ncotterelhc@people.com.cn,Genderfluid,231.14.139.227
626,Vernor,Denkel,vdenkelhd@theglobeandmail.com,Genderqueer,124.215.63.25
627,Janos,Halfhead,jhalfheadhe@scientificamerican.com,Male,144.191.103.199
628,Ethelred,Coon,ecoonhf@amazon.de,Male,34.92.107.38
629,Moise,Bootherstone,mbootherstonehg@shutterfly.com,Male,90.233.196.78
630,Rickert,Gilbart,rgilbarthh@tamu.edu,Male,0.170.188.194
631,Enid,Kightly,ekightlyhi@parallels.com,Female,172.30.14.179
632,Loralyn,Jiruch,ljiruchhj@howstuffworks.com,Bigender,138.228.200.232
633,Clemmy,Wilstead,cwilsteadhk@indiegogo.com,Bigender,14.176.230.135
634,Heinrik,Hampshaw,hhampshawhl@comsenz.com,Male,66.174.80.206
635,Hedvige,Comiskey,hcomiskeyhm@microsoft.com,Female,135.110.89.58
636,Olly,Tackley,otackleyhn@squarespace.com,Female,26.4.217.117
637,Milton,O'Rowane,morowaneho@ft.com,Male,135.63.231.196
638,Shawn,Goly,sgolyhp@seesaa.net,Male,194.91.88.11
639,Alix,Ixor,aixorhq@paypal.com,Bigender,47.244.186.219
640,Anne,Rowlings,arowlingshr@usatoday.com,Female,166.53.9.37
641,Nicky,Leffek,nleffekhs@t.co,Female,26.185.77.93
642,Sascha,Collyear,scollyearht@hp.com,Female,101.30.144.250
643,Kayne,Rylett,kryletthu@engadget.com,Male,58.172.77.187
644,Hodge,Stopp,hstopphv@weibo.com,Male,144.159.53.173
645,Marcy,Saxon,msaxonhw@mashable.com,Female,150.211.40.31
646,Claiborne,Foystone,cfoystonehx@sitemeter.com,Male,54.158.43.166
647,Archie,Waslin,awaslinhy@spiegel.de,Male,43.185.102.21
648,Olly,Eburah,oeburahhz@dot.gov,Male,59.59.156.220
649,Ronica,Gatiss,rgatissi0@xing.com,Female,23.213.4.54
650,Jermaine,Cookson,jcooksoni1@t.co,Non-binary,186.203.47.83
651,Eveleen,Hyder,ehyderi2@constantcontact.com,Female,56.244.243.100
652,Vincenty,Walklate,vwalklatei3@webs.com,Male,111.251.70.37
653,Burg,Vears,bvearsi4@psu.edu,Male,138.131.144.101
654,Sasha,Messam,smessami5@ox.ac.uk,Male,204.26.183.240
655,Ephrem,Marke,emarkei6@tiny.cc,Male,41.44.28.185
656,Grove,Osbiston,gosbistoni7@google.co.jp,Male,95.92.167.88
657,Beth,Bowart,bbowarti8@ehow.com,Female,62.102.125.75
658,Darrin,Eisenberg,deisenbergi9@cpanel.net,Male,71.95.77.47
659,Darrel,Ladbrooke,dladbrookeia@businessinsider.com,Genderfluid,244.230.179.22
660,Cicely,Stihl,cstihlib@163.com,Female,206.225.150.105
661,Lewes,Waterman,lwatermanic@dyndns.org,Male,178.50.218.211
662,Thadeus,Coo,tcooid@hao123.com,Male,200.165.57.164
663,Lin,Biasioni,lbiasioniie@technorati.com,Female,177.55.254.226
664,Veriee,Foyster,vfoysterif@meetup.com,Female,111.201.94.174
665,Lauri,Spelling,lspellingig@scribd.com,Female,121.175.210.239
666,Christiana,Burndred,cburndredih@barnesandnoble.com,Female,79.177.153.22
667,Marcellina,Meakin,mmeakinii@ox.ac.uk,Female,82.117.130.100
668,Ronald,Verissimo,rverissimoij@ycombinator.com,Male,43.32.238.48
669,Osbourn,Boase,oboaseik@goo.ne.jp,Male,144.110.48.119
670,Liesa,Balsellie,lbalsellieil@pcworld.com,Female,189.141.153.88
671,Lesley,Belding,lbeldingim@amazon.de,Male,113.72.152.130
672,Moina,Keighly,mkeighlyin@pbs.org,Female,242.214.187.207
673,Tracy,Mapp,tmappio@people.com.cn,Male,115.105.215.166
674,Patsy,Wildman,pwildmanip@reddit.com,Male,17.67.164.52
675,Chet,Bruckstein,cbrucksteiniq@yahoo.com,Male,121.201.103.247
676,Trixy,Deabill,tdeabillir@prnewswire.com,Female,212.33.157.118
677,Chip,Kuhl,ckuhlis@walmart.com,Agender,227.151.211.107
678,Francine,Nanetti,fnanettiit@geocities.jp,Female,111.171.23.172
679,Reeta,Meece,rmeeceiu@craigslist.org,Female,222.250.154.94
680,Amelie,Edmondson,aedmondsoniv@w3.org,Female,69.109.225.233
681,Bobbee,Edinburgh,bedinburghiw@slideshare.net,Female,18.95.56.206
682,Adena,Benninck,abenninckix@blogger.com,Female,97.155.162.74
683,Selig,Lugton,slugtoniy@sitemeter.com,Male,85.243.139.81
684,Pancho,Voss,pvossiz@unicef.org,Male,37.253.169.67
685,Coralie,Calkin,ccalkinj0@si.edu,Female,180.20.173.116
686,Cass,Gierok,cgierokj1@trellian.com,Male,165.228.22.96
687,Janetta,Ottery,jotteryj2@w3.org,Female,137.183.227.27
688,Rodger,Hazell,rhazellj3@geocities.jp,Male,111.82.63.129
689,Alverta,Georgot,ageorgotj4@jalbum.net,Female,143.27.5.13
690,Vlad,Gladdifh,vgladdifhj5@about.com,Male,45.166.177.219
691,William,Bendon,wbendonj6@ox.ac.uk,Male,86.203.235.253
692,Adelle,Threadgall,athreadgallj7@etsy.com,Non-binary,161.149.144.30
693,Aristotle,Crowd,acrowdj8@yandex.ru,Male,156.152.167.203
694,Melli,Aindrais,maindraisj9@nydailynews.com,Female,110.185.18.48
695,Cammy,Claisse,cclaisseja@spiegel.de,Male,25.163.39.79
696,Karilynn,Brilon,kbrilonjb@va.gov,Female,225.73.236.238
697,Krissie,Brader,kbraderjc@accuweather.com,Female,141.249.178.57
698,Agnesse,Simionato,asimionatojd@forbes.com,Female,130.29.214.169
699,Molli,Rockwill,mrockwillje@sourceforge.net,Female,25.253.135.255
700,Tonya,Chavez,tchavezjf@phpbb.com,Female,140.188.90.39
701,Wanids,Cossar,wcossarjg@aboutads.info,Female,35.178.101.21
702,My,Doward,mdowardjh@un.org,Male,162.100.244.53
703,Lay,Coughtrey,lcoughtreyji@ocn.ne.jp,Male,24.53.33.51
704,Ty,MacGeffen,tmacgeffenjj@paypal.com,Male,221.102.136.240
705,Wilmar,Godspede,wgodspedejk@nih.gov,Male,126.63.236.145
706,Ketty,McNally,kmcnallyjl@statcounter.com,Female,82.54.95.176
707,Teodoor,Tiron,ttironjm@wufoo.com,Male,109.156.71.111
708,Jdavie,Iannuzzelli,jiannuzzellijn@aboutads.info,Male,182.182.238.104
709,Constantia,Venner,cvennerjo@blinklist.com,Female,121.119.42.212
710,Pam,Feldstern,pfeldsternjp@xrea.com,Female,164.18.55.27
711,Zachariah,Tolmie,ztolmiejq@mtv.com,Male,81.245.142.153
712,Michaeline,Broyd,mbroydjr@miibeian.gov.cn,Female,159.147.238.185
713,Ryon,Cockshutt,rcockshuttjs@ovh.net,Male,161.42.182.178
714,Vite,Murrum,vmurrumjt@infoseek.co.jp,Male,188.168.11.90
715,Rosalind,Meenehan,rmeenehanju@house.gov,Female,90.176.207.94
716,Frederica,Yuryshev,fyuryshevjv@sphinn.com,Bigender,2.230.38.178
717,Cori,Weadick,cweadickjw@xing.com,Male,173.148.255.125
718,Court,Heffer,chefferjx@uol.com.br,Male,53.234.88.152
719,Amata,Winsom,awinsomjy@howstuffworks.com,Female,239.53.198.199
720,Rafaellle,Wagenen,rwagenenjz@about.me,Male,200.19.19.70
721,Heloise,Crockley,hcrockleyk0@engadget.com,Bigender,205.27.147.110
722,Fax,Fisbey,ffisbeyk1@jigsy.com,Male,97.95.69.81
723,Michelina,Cossins,mcossinsk2@fc2.com,Female,61.45.194.46
724,Kirstin,Shobrook,kshobrookk3@cpanel.net,Female,22.99.211.160
725,Margaret,Platfoot,mplatfootk4@youtu.be,Female,193.137.60.243
726,Dante,Giorgini,dgiorginik5@mapy.cz,Male,213.236.155.174
727,Frederick,Sharratt,fsharrattk6@prweb.com,Male,155.170.159.169
728,Antons,Bellson,abellsonk7@163.com,Male,94.113.213.89
729,Hortense,Mugridge,hmugridgek8@phoca.cz,Genderqueer,183.69.177.188
730,Towny,Spry,tspryk9@newyorker.com,Male,72.54.92.20
731,Liana,Menham,lmenhamka@prlog.org,Female,243.127.159.141
732,Corliss,Milborn,cmilbornkb@nationalgeographic.com,Female,191.133.176.185
733,Caye,Measures,cmeasureskc@networksolutions.com,Polygender,37.136.59.39
734,Rosanna,Goatman,rgoatmankd@fda.gov,Female,152.133.255.44
735,Myles,Hatcliffe,mhatcliffeke@tinypic.com,Male,80.149.201.59
736,Hedvige,Bench,hbenchkf@theatlantic.com,Female,201.8.211.174
737,Gerri,Fratczak,gfratczakkg@acquirethisname.com,Male,211.240.57.251
738,Ralph,Snooks,rsnookskh@google.es,Male,87.237.143.69
739,Reagen,Darkin,rdarkinki@mayoclinic.com,Male,89.129.107.164
740,Axel,Clayfield,aclayfieldkj@dmoz.org,Male,157.120.23.31
741,Kelci,Shipp,kshippkk@hud.gov,Female,207.139.212.37
742,Percival,Limerick,plimerickkl@theguardian.com,Non-binary,82.51.150.101
743,Forester,Creer,fcreerkm@nifty.com,Male,184.36.33.19
744,Ida,Signori,isignorikn@behance.net,Female,109.15.178.19
745,Kristos,Hesse,khesseko@umn.edu,Male,238.134.110.49
746,Derwin,Berg,dbergkp@canalblog.com,Male,108.141.192.110
747,Pennie,Tippings,ptippingskq@wiley.com,Female,4.224.135.23
748,Lyssa,Tartt,ltarttkr@over-blog.com,Female,185.59.224.194
749,Dud,Angliss,danglissks@ocn.ne.jp,Male,105.25.110.66
750,Munmro,Hazeldine,mhazeldinekt@freewebs.com,Male,39.215.193.233
751,Hubert,Elderbrant,helderbrantku@msn.com,Male,136.90.176.119
752,Bowie,Szymoni,bszymonikv@shutterfly.com,Male,188.100.119.148
753,Hercule,Munkton,hmunktonkw@hc360.com,Male,117.185.157.194
754,Billie,Sherar,bsherarkx@indiatimes.com,Male,36.100.171.234
755,Felice,Barbie,fbarbieky@elegantthemes.com,Male,152.121.224.205
756,Zacherie,Eckersall,zeckersallkz@tripod.com,Male,74.188.170.10
757,Bat,Boorman,bboormanl0@bizjournals.com,Male,140.167.99.228
758,Mildred,Branford,mbranfordl1@amazon.com,Female,10.2.65.9
759,Ainslee,Pearcey,apearceyl2@dagondesign.com,Female,249.53.219.3
760,Terencio,Itchingham,titchinghaml3@amazon.co.jp,Male,39.14.177.213
761,Abraham,Scarff,ascarffl4@irs.gov,Male,163.231.196.74
762,Garth,Pruvost,gpruvostl5@tripod.com,Male,44.145.206.50
763,Yanaton,Ranald,yranaldl6@ucoz.ru,Male,151.91.49.169
764,Karlis,Lynett,klynettl7@bing.com,Male,146.15.45.191
765,Doti,Blewmen,dblewmenl8@yandex.ru,Polygender,100.171.75.215
766,Lou,Rama,lramal9@addthis.com,Male,74.244.155.207
767,Antin,Croot,acrootla@bluehost.com,Male,237.236.92.226
768,Merci,Heaselgrave,mheaselgravelb@elpais.com,Female,135.128.53.88
769,Rusty,Amori,ramorilc@nih.gov,Male,213.1.228.67
770,Debee,Craine,dcraineld@biglobe.ne.jp,Female,5.48.134.74
771,Georgeanna,Ierland,gierlandle@constantcontact.com,Female,220.185.14.109
772,Jackqueline,Van Leijs,jvanleijslf@thetimes.co.uk,Female,198.86.48.217
773,Bettine,Klempke,bklempkelg@yelp.com,Female,79.29.4.140
774,Cornelius,Biddle,cbiddlelh@google.ca,Male,55.21.222.194
775,Cacilie,Elford,celfordli@cnbc.com,Female,84.111.2.33
776,Barron,Allsebrook,ballsebrooklj@quantcast.com,Male,145.155.105.199
777,Louella,Patching,lpatchinglk@hud.gov,Female,166.224.180.110
778,Cece,Lavers,claversll@disqus.com,Male,208.110.241.101
779,Shaughn,Voules,svouleslm@ucsd.edu,Male,226.32.52.218
780,Giulietta,Barlie,gbarlieln@pen.io,Female,147.225.55.144
781,Colet,Urridge,curridgelo@linkedin.com,Male,35.79.82.98
782,Vaughan,Aberchirder,vaberchirderlp@devhub.com,Male,127.194.219.66
783,Mason,Urion,murionlq@pagesperso-orange.fr,Male,76.116.109.252
784,Edie,Roycroft,eroycroftlr@illinois.edu,Genderfluid,101.211.247.154
785,Colan,Liddel,cliddells@forbes.com,Male,154.219.80.254
786,Juline,Snow,jsnowlt@mysql.com,Female,216.22.154.150
787,Freeman,Driffill,fdriffilllu@angelfire.com,Male,95.15.30.178
788,Dare,Booeln,dbooelnlv@ehow.com,Male,122.149.140.202
789,Mandy,Dowdney,mdowdneylw@dmoz.org,Female,117.169.208.197
790,Mareah,Pennicard,mpennicardlx@tiny.cc,Female,63.230.78.47
791,Web,Kefford,wkeffordly@google.co.uk,Male,10.212.36.85
792,Alphard,Ruzicka,aruzickalz@howstuffworks.com,Male,248.90.181.158
793,Celestina,Scolts,cscoltsm0@hugedomains.com,Female,132.76.0.190
794,Stormie,Cossans,scossansm1@google.com.au,Female,50.196.213.228
795,Lennard,Aicheson,laichesonm2@de.vu,Male,175.211.252.40
796,Layne,Boatswain,lboatswainm3@dion.ne.jp,Female,247.98.9.105
797,Minnnie,Nabbs,mnabbsm4@icio.us,Female,63.105.149.69
798,Pavia,Kretchmer,pkretchmerm5@theatlantic.com,Female,201.3.225.67
799,Licha,Peirce,lpeircem6@upenn.edu,Female,130.95.184.78
800,Elisha,Stores,estoresm7@ezinearticles.com,Bigender,57.40.235.90
801,Sampson,Caurah,scaurahm8@bizjournals.com,Male,157.220.212.164
802,Lanita,Chong,lchongm9@businesswire.com,Female,73.191.161.165
803,Catharina,Cosham,ccoshamma@weather.com,Female,67.177.41.104
804,Vittoria,Aish,vaishmb@usatoday.com,Female,21.1.97.247
805,Mozes,Kevern,mkevernmc@shareasale.com,Male,88.216.25.164
806,Cynthy,Rothery,crotherymd@homestead.com,Female,139.15.214.226
807,Nil,Tonna,ntonname@eepurl.com,Male,26.74.130.174
808,Correna,Drakeley,cdrakeleymf@telegraph.co.uk,Female,0.192.85.121
809,Jone,Steckings,jsteckingsmg@gravatar.com,Male,140.209.109.76
810,Milo,Garms,mgarmsmh@ihg.com,Male,61.38.15.97
811,Rourke,Straneo,rstraneomi@apple.com,Male,221.2.75.225
812,Janey,Bull,jbullmj@bloomberg.com,Female,171.236.111.3
813,Manuel,Lummasana,mlummasanamk@nytimes.com,Male,131.118.151.210
814,Karola,Gauche,kgaucheml@123-reg.co.uk,Female,30.238.167.254
815,Farrel,Divina,fdivinamm@google.com,Male,222.126.171.189
816,Adey,Shapiro,ashapiromn@va.gov,Female,126.202.1.133
817,Harrietta,Mitham,hmithammo@mozilla.com,Female,34.249.232.198
818,Margery,Wyborn,mwybornmp@seattletimes.com,Female,232.64.247.78
819,Calvin,Borel,cborelmq@ifeng.com,Male,234.127.65.79
820,Hermina,Ivimey,hivimeymr@globo.com,Female,53.158.254.130
821,Clay,Moffatt,cmoffattms@hc360.com,Male,33.196.106.206
822,Herrick,Haines,hhainesmt@yelp.com,Male,245.160.95.230
823,Lucia,Jevons,ljevonsmu@arstechnica.com,Agender,243.255.254.216
824,Rozella,Munby,rmunbymv@jimdo.com,Female,99.227.173.204
825,Crystie,Boldecke,cboldeckemw@gmpg.org,Polygender,189.240.21.30
826,Leeland,Whiteford,lwhitefordmx@umn.edu,Male,131.168.37.75
827,Bobbie,Gollin,bgollinmy@godaddy.com,Male,216.168.125.64
828,Dell,McLemon,dmclemonmz@si.edu,Female,139.179.172.169
829,Renault,Thrasher,rthrashern0@ibm.com,Male,134.253.233.48
830,Ellie,Fetherstone,efetherstonen1@deviantart.com,Female,211.24.81.252
831,Porter,Kirkhouse,pkirkhousen2@samsung.com,Male,157.31.86.101
832,Grace,Antoniak,gantoniakn3@yale.edu,Male,167.3.176.196
833,Bevin,Kleinerman,bkleinermann4@wp.com,Male,121.232.74.217
834,Reginauld,Ellacombe,rellacomben5@ox.ac.uk,Male,33.117.76.140
835,Brianne,Instrell,binstrelln6@dmoz.org,Female,140.207.222.137
836,Katuscha,Allbones,kallbonesn7@spotify.com,Female,165.235.136.175
837,Rich,Baxill,rbaxilln8@marriott.com,Male,122.210.152.207
838,Mellisa,Sherington,msheringtonn9@github.io,Female,198.134.107.22
839,Kip,Blaycock,kblaycockna@freewebs.com,Male,244.215.176.181
840,Gallard,Spinnace,gspinnacenb@taobao.com,Male,219.218.99.129
841,Sharline,Lukesch,slukeschnc@mediafire.com,Female,173.223.216.162
842,Dorthy,Stroyan,dstroyannd@cnet.com,Female,193.28.228.106
843,Thekla,Lees,tleesne@hhs.gov,Female,57.156.183.133
844,Jamal,Chamberlain,jchamberlainnf@seattletimes.com,Male,115.243.5.95
845,Cammie,Rowet,crowetng@wikispaces.com,Female,28.48.173.56
846,Jeddy,Becconsall,jbecconsallnh@google.com.au,Male,179.181.235.221
847,Dannie,Anneslie,danneslieni@oaic.gov.au,Female,168.81.36.64
848,Ignatius,Welds,iweldsnj@google.es,Male,92.50.232.231
849,Minetta,Ilchenko,milchenkonk@craigslist.org,Female,200.182.238.36
850,Piotr,Oldred,poldrednl@wordpress.com,Male,59.203.93.32
851,Felicio,Raulin,fraulinnm@ocn.ne.jp,Male,173.222.82.47
852,Joanne,Feore,jfeorenn@ft.com,Female,147.142.223.4
853,Trixie,Axup,taxupno@phoca.cz,Female,229.178.109.201
854,Christin,Lofting,cloftingnp@earthlink.net,Female,240.115.146.215
855,Lois,Clarkin,lclarkinnq@miibeian.gov.cn,Female,22.124.218.226
856,Meriel,Ruskin,mruskinnr@gnu.org,Genderfluid,70.5.144.149
857,Edy,Wolver,ewolverns@hp.com,Female,101.148.18.121
858,Dorothy,Pearmain,dpearmainnt@icq.com,Female,219.128.138.172
859,Angelico,Margery,amargerynu@hc360.com,Polygender,11.143.209.193
860,Donn,Gauche,dgauchenv@redcross.org,Male,212.118.90.20
861,Sanders,Dudden,sduddennw@scribd.com,Male,47.34.176.3
862,Susette,McIsaac,smcisaacnx@nytimes.com,Female,207.135.100.11
863,Luciana,Magovern,lmagovernny@oaic.gov.au,Female,138.43.226.10
864,Dody,O'Loughnan,doloughnannz@parallels.com,Female,170.43.171.19
865,Wolfgang,Ducket,wducketo0@exblog.jp,Male,51.120.251.219
866,Tessi,Livick,tlivicko1@cnn.com,Female,197.63.232.214
867,Araldo,Sunock,asunocko2@usgs.gov,Male,17.102.25.33
868,Adrian,Cox,acoxo3@engadget.com,Male,184.127.163.195
869,Leontyne,Smorthit,lsmorthito4@nifty.com,Agender,148.209.41.125
870,Athene,Boothe,abootheo5@whitehouse.gov,Female,113.64.131.102
871,Kylynn,Rehn,krehno6@w3.org,Polygender,178.74.37.17
872,Gerrie,Andover,gandovero7@etsy.com,Female,212.146.169.150
873,Constantia,Mackie,cmackieo8@blog.com,Female,93.177.55.49
874,Hazel,Filipczak,hfilipczako9@studiopress.com,Male,153.209.127.170
875,Dode,Ickovici,dickovicioa@unesco.org,Agender,73.241.134.12
876,Annalee,Cotte,acotteob@joomla.org,Female,248.45.116.106
877,Doralin,Mayward,dmaywardoc@google.fr,Female,140.255.112.246
878,Annissa,Loram,aloramod@wordpress.com,Female,80.43.156.100
879,Sissie,Winham,swinhamoe@hibu.com,Female,208.139.210.100
880,Lavinia,Forst,lforstof@cbslocal.com,Female,114.153.124.81
881,Sophey,Howard,showardog@linkedin.com,Female,62.79.117.231
882,Lilly,Butner,lbutneroh@bbc.co.uk,Female,204.25.244.221
883,Gaelan,Joubert,gjoubertoi@yandex.ru,Male,64.6.113.78
884,Maxy,Order,morderoj@weibo.com,Female,39.242.137.176
885,Kristofor,Blakey,kblakeyok@com.com,Male,218.138.131.173
886,Gill,Scroggie,gscroggieol@devhub.com,Female,67.238.55.20
887,Arney,Le land,alelandom@go.com,Male,178.82.66.1
888,Annmarie,Deetch,adeetchon@yelp.com,Female,118.147.133.209
889,Clark,Willford,cwillfordoo@tmall.com,Male,238.37.216.223
890,Sebastien,Franssen,sfranssenop@purevolume.com,Male,156.74.45.5
891,Darelle,Otter,dotteroq@vk.com,Agender,134.211.95.128
892,Rosana,Cousans,rcousansor@sitemeter.com,Female,253.0.18.92
893,Maia,Falkinder,mfalkinderos@chron.com,Female,94.214.39.84
894,Debby,Coath,dcoathot@bbc.co.uk,Female,89.3.195.147
895,Tris,Roony,troonyou@wired.com,Male,250.41.96.219
896,Artemas,Jakeman,ajakemanov@howstuffworks.com,Male,162.115.120.162
897,Alford,Tebbut,atebbutow@hibu.com,Male,230.99.253.5
898,Lavena,Tomasi,ltomasiox@mit.edu,Female,184.90.192.19
899,Margarita,Frowde,mfrowdeoy@jigsy.com,Female,237.195.228.89
900,Gusti,Gregine,ggregineoz@google.de,Female,143.99.201.9
901,Grover,Wingatt,gwingattp0@bloglovin.com,Male,209.64.4.120
902,Dex,Zorzenoni,dzorzenonip1@sitemeter.com,Male,121.86.147.245
903,Pancho,Sushams,psushamsp2@hao123.com,Male,85.26.45.181
904,Myriam,Woollends,mwoollendsp3@free.fr,Bigender,90.78.212.250
905,Deck,Pfaffe,dpfaffep4@ihg.com,Male,70.71.148.51
906,Vladimir,Pedder,vpedderp5@pcworld.com,Agender,211.233.246.18
907,Arley,Hindenberger,ahindenbergerp6@amazonaws.com,Male,153.125.184.158
908,Karel,Lebond,klebondp7@craigslist.org,Female,28.43.248.241
909,Wilbur,Anan,wananp8@google.co.uk,Male,246.58.157.39
910,Alfi,Abdon,aabdonp9@bloomberg.com,Female,212.145.118.74
911,Staford,Chominski,schominskipa@joomla.org,Male,248.15.237.36
912,Norry,Darville,ndarvillepb@soup.io,Male,182.49.188.7
913,Martelle,Dobney,mdobneypc@booking.com,Female,71.1.13.45
914,Lorilee,Anthoin,lanthoinpd@google.ru,Female,205.215.139.88
915,Leta,Claxson,lclaxsonpe@bloglovin.com,Female,176.85.161.17
916,Evan,Warder,ewarderpf@home.pl,Male,224.138.83.147
917,Gladys,Josilevich,gjosilevichpg@globo.com,Female,225.119.86.97
918,Merilyn,Furmston,mfurmstonph@mysql.com,Female,14.137.247.4
919,Ennis,Clemenzi,eclemenzipi@fema.gov,Male,130.159.36.43
920,Vivianna,Bohl,vbohlpj@wikispaces.com,Female,182.186.152.11
921,Nichole,Gretton,ngrettonpk@mapquest.com,Agender,142.182.107.186
922,Helaina,Reyna,hreynapl@amazonaws.com,Female,38.150.71.136
923,Chadd,Tidmarsh,ctidmarshpm@w3.org,Male,193.104.66.146
924,Eolanda,Bambrugh,ebambrughpn@g.co,Female,122.255.165.58
925,Rubina,Bluschke,rbluschkepo@google.fr,Female,52.131.26.108
926,Nessi,Hancock,nhancockpp@scribd.com,Female,37.136.47.227
927,Sigmund,Leake,sleakepq@weebly.com,Male,138.171.196.244
928,Selia,Corrin,scorrinpr@yellowpages.com,Female,168.191.44.229
929,Tomkin,Durban,tdurbanps@typepad.com,Male,51.143.183.221
930,Bengt,Boardman,bboardmanpt@zdnet.com,Male,236.26.136.133
931,Josey,Kall,jkallpu@altervista.org,Female,75.194.22.93
932,Bryn,Camous,bcamouspv@netscape.com,Male,60.143.10.205
933,Jackson,Dockery,jdockerypw@ning.com,Male,132.114.105.178
934,Padgett,Iredell,piredellpx@nasa.gov,Male,46.89.45.24
935,Cirillo,Whyte,cwhytepy@tiny.cc,Male,58.117.59.37
936,Merle,Waples,mwaplespz@yellowpages.com,Female,158.40.190.16
937,Bev,Fouracres,bfouracresq0@telegraph.co.uk,Female,69.91.251.225
938,Shea,Petrosian,spetrosianq1@jiathis.com,Male,84.74.113.84
939,Carlyn,Qualtrough,cqualtroughq2@disqus.com,Female,81.100.42.70
940,Sheelah,Carver,scarverq3@godaddy.com,Female,227.76.216.234
941,Eadie,Suller,esullerq4@addtoany.com,Female,92.27.237.218
942,Athena,Auston,aaustonq5@hubpages.com,Female,32.218.27.227
943,Gilburt,Huntingford,ghuntingfordq6@nbcnews.com,Male,14.74.172.45
944,Far,Gloucester,fgloucesterq7@omniture.com,Male,213.152.32.114
945,Jayson,Lattimer,jlattimerq8@sohu.com,Male,224.45.132.141
946,Shel,Patty,spattyq9@ox.ac.uk,Female,77.130.156.97
947,Juliet,Stranieri,jstranieriqa@howstuffworks.com,Female,9.147.217.244
948,Nicol,Jensen,njensenqb@usa.gov,Male,25.49.139.72
949,Gualterio,Folger,gfolgerqc@dailymotion.com,Male,60.245.216.124
950,Charmine,Boulde,cbouldeqd@google.it,Female,11.226.205.38
951,Mortie,Duff,mduffqe@1688.com,Male,45.165.225.136
952,Clair,Rival,crivalqf@theatlantic.com,Male,112.36.21.174
953,Jameson,Gatherer,jgathererqg@google.it,Male,164.35.110.242
954,Irvin,Levett,ilevettqh@reuters.com,Male,157.85.73.162
955,Myrtie,Clewlow,mclewlowqi@newsvine.com,Female,192.31.143.54
956,Matelda,Gunson,mgunsonqj@businesswire.com,Female,55.82.121.220
957,Gualterio,Derrington,gderringtonqk@bbc.co.uk,Male,50.76.219.66
958,Kiel,Peregrine,kperegrineql@artisteer.com,Male,100.47.163.37
959,Gerianne,Glasscott,gglasscottqm@tuttocitta.it,Bigender,240.59.10.18
960,Merna,Faye,mfayeqn@bloglines.com,Female,145.236.143.58
961,Arlena,Dane,adaneqo@sfgate.com,Female,21.88.114.108
962,Fabe,Mogie,fmogieqp@github.io,Male,140.92.80.29
963,Vladamir,Brooksbank,vbrooksbankqq@aboutads.info,Non-binary,83.214.158.0
964,Maddie,Clousley,mclousleyqr@1und1.de,Male,217.214.178.45
965,Jeannette,Smitton,jsmittonqs@cdc.gov,Female,159.42.182.114
966,Minnaminnie,Danelutti,mdaneluttiqt@auda.org.au,Female,217.205.108.119
967,Laurent,Checchetelli,lchecchetelliqu@geocities.jp,Male,140.52.192.15
968,Neille,Braunthal,nbraunthalqv@g.co,Female,63.203.53.29
969,Gordy,Dannatt,gdannattqw@amazon.de,Male,52.65.132.147
970,Melany,Linder,mlinderqx@mapquest.com,Female,158.189.30.100
971,Tomas,Vawton,tvawtonqy@hatena.ne.jp,Male,158.193.141.235
972,Francoise,Worcester,fworcesterqz@seattletimes.com,Female,158.101.119.48
973,Nadia,McJury,nmcjuryr0@a8.net,Female,67.100.154.254
974,Darcey,Foxworthy,dfoxworthyr1@sfgate.com,Female,99.244.82.144
975,Eula,Elven,eelvenr2@jiathis.com,Genderfluid,18.131.150.98
976,Heddi,Poile,hpoiler3@godaddy.com,Female,41.234.175.166
977,Lotty,Alwin,lalwinr4@ted.com,Female,186.192.205.219
978,Lindsy,Wison,lwisonr5@scribd.com,Female,207.34.204.131
979,Yelena,Bricket,ybricketr6@economist.com,Female,46.213.138.163
980,Misha,Simonini,msimoninir7@plala.or.jp,Bigender,200.178.188.242
981,Christophorus,Roust,croustr8@themeforest.net,Male,161.121.170.43
982,Theobald,Loughhead,tloughheadr9@house.gov,Male,70.127.208.90
983,Leslie,Brayley,lbrayleyra@springer.com,Female,75.93.244.163
984,Kitty,Ranvoise,kranvoiserb@economist.com,Female,212.75.205.223
985,Clerkclaude,Shayes,cshayesrc@newsvine.com,Male,33.116.131.218
986,Kort,Klosges,kklosgesrd@businesswire.com,Male,119.221.168.134
987,Christian,Siret,csiretre@goo.gl,Male,197.35.244.208
988,Elise,Calderon,ecalderonrf@disqus.com,Female,118.76.175.254
989,Vivi,Tincombe,vtincomberg@usda.gov,Female,15.121.103.23
990,Isa,Proffitt,iproffittrh@addthis.com,Female,40.140.203.29
991,Garvy,Hainge,ghaingeri@marketwatch.com,Male,164.45.14.157
992,Linette,Gretham,lgrethamrj@1und1.de,Polygender,90.36.3.72
993,Thadeus,Jaffray,tjaffrayrk@miitbeian.gov.cn,Male,154.49.119.22
994,Aindrea,Boon,aboonrl@weather.com,Female,162.115.11.93
995,Emlynn,Brophy,ebrophyrm@ibm.com,Female,84.1.233.71
996,Dulcine,Warlowe,dwarlowern@sciencedirect.com,Female,139.225.69.18
997,Monte,Rieflin,mrieflinro@miitbeian.gov.cn,Male,23.240.28.169
998,Reagen,Ogborne,rogbornerp@arizona.edu,Male,25.172.137.7
999,Caitrin,Cressar,ccressarrq@gizmodo.com,Non-binary,201.38.211.116
1000,Emiline,Kopisch,ekopischrr@spotify.com,Female,93.174.13.233
